Params	Value	Number	Test_Fold	Model	Descriptors
n_estimators: 425 | max_depth: 11 | learning_rate: 0.03098487 | max_leaves: 7 | subsample: 0.9996585 | colsample_bytree: 0.7958791 | gamma: 1.590733 | reg_alpha: 1.901985 | reg_lambda: 0.217994	0.38952	0	0	XGBClassifier	Klek
n_estimators: 325 | max_depth: 3 | learning_rate: 0.01701224 | max_leaves: 3 | subsample: 0.6187616 | colsample_bytree: 0.5831692 | gamma: 1.851639 | reg_alpha: 0.782031 | reg_lambda: 0.5580286	0.11128	1	0	XGBClassifier	Klek
n_estimators: 200 | max_depth: 11 | learning_rate: 0.04224681 | max_leaves: 10 | subsample: 0.7344008 | colsample_bytree: 0.9426762 | gamma: 2.339234 | reg_alpha: 0.6463522 | reg_lambda: 2.829415	0.37449	2	0	XGBClassifier	Klek
n_estimators: 725 | max_depth: 10 | learning_rate: 0.009341162 | max_leaves: 9 | subsample: 0.987414 | colsample_bytree: 0.6006189 | gamma: 0.2338021 | reg_alpha: 4.040252 | reg_lambda: 3.031379	0.30132	3	0	XGBClassifier	Klek
n_estimators: 775 | max_depth: 10 | learning_rate: 0.01999472 | max_leaves: 11 | subsample: 0.6794023 | colsample_bytree: 0.5442679 | gamma: 2.162585 | reg_alpha: 4.748791 | reg_lambda: 2.343834	0.34789	4	0	XGBClassifier	Klek
n_estimators: 550 | max_depth: 3 | learning_rate: 0.01613384 | max_leaves: 9 | subsample: 0.850747 | colsample_bytree: 0.6009862 | gamma: 0.3601357 | reg_alpha: 3.206533 | reg_lambda: 3.021729	0.28358	5	0	XGBClassifier	Klek
n_estimators: 600 | max_depth: 5 | learning_rate: 0.03274638 | max_leaves: 6 | subsample: 0.6866417 | colsample_bytree: 0.5194594 | gamma: 3.692433 | reg_alpha: 1.021341 | reg_lambda: 3.301353	0.34462	6	0	XGBClassifier	Klek
n_estimators: 800 | max_depth: 10 | learning_rate: 0.02428175 | max_leaves: 12 | subsample: 0.8181881 | colsample_bytree: 0.9341315 | gamma: 0.9623846 | reg_alpha: 3.858377 | reg_lambda: 0.4673556	0.42635	7	0	XGBClassifier	Klek
n_estimators: 425 | max_depth: 7 | learning_rate: 0.01769944 | max_leaves: 4 | subsample: 0.6009229 | colsample_bytree: 0.8419914 | gamma: 3.055407 | reg_alpha: 2.753434 | reg_lambda: 1.127567	0.21639	8	0	XGBClassifier	Klek
n_estimators: 100 | max_depth: 11 | learning_rate: 0.006679994 | max_leaves: 10 | subsample: 0.5182059 | colsample_bytree: 0.8728753 | gamma: 1.627314 | reg_alpha: 0.481781 | reg_lambda: 3.296564	0.01156	9	0	XGBClassifier	Klek
n_estimators: 1000 | max_depth: 8 | learning_rate: 0.07552823 | max_leaves: 1 | subsample: 0.8648086 | colsample_bytree: 0.9831016 | gamma: 4.764935 | reg_alpha: 3.704592 | reg_lambda: 4.930512	0.0	10	0	XGBClassifier	Klek
n_estimators: 975 | max_depth: 12 | learning_rate: 0.05438707 | max_leaves: 12 | subsample: 0.9736152 | colsample_bytree: 0.7409063 | gamma: 1.097873 | reg_alpha: 1.973 | reg_lambda: 0.01314526	0.44548	11	0	XGBClassifier	Klek
n_estimators: 975 | max_depth: 12 | learning_rate: 0.09573272 | max_leaves: 12 | subsample: 0.8674609 | colsample_bytree: 0.710791 | gamma: 0.7982503 | reg_alpha: 2.107028 | reg_lambda: 1.365417	0.47148	12	0	XGBClassifier	Klek
n_estimators: 1000 | max_depth: 12 | learning_rate: 0.09550359 | max_leaves: 12 | subsample: 0.9324732 | colsample_bytree: 0.7015987 | gamma: 0.9718698 | reg_alpha: 1.836396 | reg_lambda: 1.565257	0.46102	13	0	XGBClassifier	Klek
n_estimators: 900 | max_depth: 8 | learning_rate: 0.09639429 | max_leaves: 7 | subsample: 0.8925553 | colsample_bytree: 0.6867824 | gamma: 0.9459486 | reg_alpha: 1.674624 | reg_lambda: 1.723525	0.45112	14	0	XGBClassifier	Klek
n_estimators: 875 | max_depth: 12 | learning_rate: 0.06975906 | max_leaves: 12 | subsample: 0.918177 | colsample_bytree: 0.7040968 | gamma: 0.06146334 | reg_alpha: 2.47312 | reg_lambda: 1.618725	0.49512	15	0	XGBClassifier	Klek
n_estimators: 675 | max_depth: 6 | learning_rate: 0.05770945 | max_leaves: 8 | subsample: 0.7926361 | colsample_bytree: 0.6715124 | gamma: 0.3538478 | reg_alpha: 2.621821 | reg_lambda: 2.158412	0.46974	16	0	XGBClassifier	Klek
n_estimators: 875 | max_depth: 9 | learning_rate: 0.06565761 | max_leaves: 5 | subsample: 0.9169797 | colsample_bytree: 0.7762739 | gamma: 0.03024634 | reg_alpha: 0.07056369 | reg_lambda: 1.178109	0.43881	17	0	XGBClassifier	Klek
n_estimators: 875 | max_depth: 12 | learning_rate: 0.04309312 | max_leaves: 1 | subsample: 0.7788007 | colsample_bytree: 0.6509604 | gamma: 2.92315 | reg_alpha: 3.048199 | reg_lambda: 3.917481	0.0	18	0	XGBClassifier	Klek
n_estimators: 575 | max_depth: 5 | learning_rate: 0.07911023 | max_leaves: 10 | subsample: 0.8402075 | colsample_bytree: 0.7280518 | gamma: 0.6214884 | reg_alpha: 1.324936 | reg_lambda: 1.049474	0.4816	19	0	XGBClassifier	Klek
n_estimators: 550 | max_depth: 5 | learning_rate: 0.01084331 | max_leaves: 10 | subsample: 0.9379013 | colsample_bytree: 0.8169742 | gamma: 4.155178 | reg_alpha: 1.262412 | reg_lambda: 0.8200784	0.30629	20	0	XGBClassifier	Klek
n_estimators: 675 | max_depth: 2 | learning_rate: 0.08386294 | max_leaves: 11 | subsample: 0.8519512 | colsample_bytree: 0.7281864 | gamma: 0.5803199 | reg_alpha: 2.27142 | reg_lambda: 1.76216	0.43708	21	0	XGBClassifier	Klek
n_estimators: 825 | max_depth: 4 | learning_rate: 0.04981832 | max_leaves: 11 | subsample: 0.8233163 | colsample_bytree: 0.6452526 | gamma: 1.345036 | reg_alpha: 1.412377 | reg_lambda: 1.150483	0.4566	22	0	XGBClassifier	Klek
n_estimators: 925 | max_depth: 7 | learning_rate: 0.07239957 | max_leaves: 12 | subsample: 0.900785 | colsample_bytree: 0.7522363 | gamma: 0.6616753 | reg_alpha: 2.329948 | reg_lambda: 2.031301	0.47313	23	0	XGBClassifier	Klek
n_estimators: 375 | max_depth: 6 | learning_rate: 0.06842376 | max_leaves: 9 | subsample: 0.9037783 | colsample_bytree: 0.7566947 | gamma: 0.0162534 | reg_alpha: 2.440935 | reg_lambda: 2.091539	0.45315	24	0	XGBClassifier	Klek
n_estimators: 625 | max_depth: 7 | learning_rate: 0.03840814 | max_leaves: 11 | subsample: 0.7475636 | colsample_bytree: 0.853634 | gamma: 0.6727797 | reg_alpha: 3.296036 | reg_lambda: 1.85725	0.45771	25	0	XGBClassifier	Klek
n_estimators: 500 | max_depth: 6 | learning_rate: 0.06924498 | max_leaves: 8 | subsample: 0.9352795 | colsample_bytree: 0.7655409 | gamma: 1.211379 | reg_alpha: 1.421014 | reg_lambda: 2.542074	0.44164	26	0	XGBClassifier	Klek
n_estimators: 925 | max_depth: 8 | learning_rate: 0.02821965 | max_leaves: 10 | subsample: 0.8165801 | colsample_bytree: 0.6354612 | gamma: 0.4781506 | reg_alpha: 2.849686 | reg_lambda: 0.690031	0.45786	27	0	XGBClassifier	Klek
n_estimators: 725 | max_depth: 4 | learning_rate: 0.05054217 | max_leaves: 12 | subsample: 0.9644213 | colsample_bytree: 0.8116014 | gamma: 1.954589 | reg_alpha: 2.428495 | reg_lambda: 0.9428949	0.3937	28	0	XGBClassifier	Klek
n_estimators: 300 | max_depth: 7 | learning_rate: 0.03573511 | max_leaves: 8 | subsample: 0.885415 | colsample_bytree: 0.7887048 | gamma: 1.492752 | reg_alpha: 1.696816 | reg_lambda: 1.455687	0.36569	29	0	XGBClassifier	Klek
n_estimators: 825 | max_depth: 5 | learning_rate: 0.0600017 | max_leaves: 7 | subsample: 0.7772849 | colsample_bytree: 0.892942 | gamma: 2.974062 | reg_alpha: 3.440585 | reg_lambda: 2.014243	0.34483	30	0	XGBClassifier	Klek
n_estimators: 950 | max_depth: 11 | learning_rate: 0.08242096 | max_leaves: 12 | subsample: 0.8723658 | colsample_bytree: 0.7170713 | gamma: 0.6762255 | reg_alpha: 2.108485 | reg_lambda: 1.386015	0.47077	31	0	XGBClassifier	Klek
n_estimators: 875 | max_depth: 9 | learning_rate: 0.09789546 | max_leaves: 11 | subsample: 0.8379104 | colsample_bytree: 0.7014227 | gamma: 0.6532334 | reg_alpha: 2.148286 | reg_lambda: 0.4015679	0.48439	32	0	XGBClassifier	Klek
n_estimators: 750 | max_depth: 9 | learning_rate: 0.07859705 | max_leaves: 11 | subsample: 0.8339563 | colsample_bytree: 0.6730881 | gamma: 1.717011 | reg_alpha: 1.083727 | reg_lambda: 0.4549164	0.45338	33	0	XGBClassifier	Klek
n_estimators: 850 | max_depth: 9 | learning_rate: 0.05041733 | max_leaves: 10 | subsample: 0.7061592 | colsample_bytree: 0.7483403 | gamma: 0.1975903 | reg_alpha: 1.686918 | reg_lambda: 0.05218246	0.48396	34	0	XGBClassifier	Klek
n_estimators: 850 | max_depth: 9 | learning_rate: 0.04330364 | max_leaves: 10 | subsample: 0.7060627 | colsample_bytree: 0.7355432 | gamma: 0.1865123 | reg_alpha: 0.664829 | reg_lambda: 0.2210595	0.47467	35	0	XGBClassifier	Klek
n_estimators: 675 | max_depth: 10 | learning_rate: 0.09961018 | max_leaves: 9 | subsample: 0.640038 | colsample_bytree: 0.6176687 | gamma: 0.3123841 | reg_alpha: 1.619315 | reg_lambda: 0.05415364	0.49202	36	0	XGBClassifier	Klek
n_estimators: 675 | max_depth: 10 | learning_rate: 0.09944759 | max_leaves: 9 | subsample: 0.6429487 | colsample_bytree: 0.5660186 | gamma: 0.2645855 | reg_alpha: 4.516444 | reg_lambda: 0.02549029	0.47852	37	0	XGBClassifier	Klek
n_estimators: 775 | max_depth: 9 | learning_rate: 0.06089248 | max_leaves: 9 | subsample: 0.5859344 | colsample_bytree: 0.6117766 | gamma: 0.009885722 | reg_alpha: 1.624666 | reg_lambda: 0.3401334	0.48135	38	0	XGBClassifier	Klek
n_estimators: 800 | max_depth: 10 | learning_rate: 0.02992583 | max_leaves: 6 | subsample: 0.7214777 | colsample_bytree: 0.5693064 | gamma: 2.433107 | reg_alpha: 0.9906482 | reg_lambda: 0.6103054	0.40006	39	0	XGBClassifier	Klek
n_estimators: 725 | max_depth: 11 | learning_rate: 0.005195661 | max_leaves: 11 | subsample: 0.6605069 | colsample_bytree: 0.6264437 | gamma: 0.3495787 | reg_alpha: 2.840654 | reg_lambda: 0.175425	0.24724	40	0	XGBClassifier	Klek
n_estimators: 575 | max_depth: 8 | learning_rate: 0.07989772 | max_leaves: 10 | subsample: 0.6328106 | colsample_bytree: 0.5041476 | gamma: 0.5040679 | reg_alpha: 1.413884 | reg_lambda: 0.8565998	0.48588	41	0	XGBClassifier	Klek
n_estimators: 525 | max_depth: 8 | learning_rate: 0.08862257 | max_leaves: 10 | subsample: 0.5559676 | colsample_bytree: 0.5061669 | gamma: 0.3804525 | reg_alpha: 1.865389 | reg_lambda: 0.6465006	0.48474	42	0	XGBClassifier	Klek
n_estimators: 525 | max_depth: 8 | learning_rate: 0.08537286 | max_leaves: 8 | subsample: 0.5494949 | colsample_bytree: 0.5183356 | gamma: 1.273112 | reg_alpha: 1.987281 | reg_lambda: 0.7166621	0.46593	43	0	XGBClassifier	Klek
n_estimators: 450 | max_depth: 10 | learning_rate: 0.08804803 | max_leaves: 11 | subsample: 0.580414 | colsample_bytree: 0.5444777 | gamma: 0.9028686 | reg_alpha: 0.8316078 | reg_lambda: 0.4537604	0.48306	44	0	XGBClassifier	Klek
n_estimators: 475 | max_depth: 8 | learning_rate: 0.06644362 | max_leaves: 2 | subsample: 0.5025759 | colsample_bytree: 0.5006725 | gamma: 0.4384227 | reg_alpha: 0.4267135 | reg_lambda: 0.3671046	0.27496	45	0	XGBClassifier	Klek
n_estimators: 625 | max_depth: 11 | learning_rate: 0.09947902 | max_leaves: 9 | subsample: 0.6302851 | colsample_bytree: 0.5835493 | gamma: 1.999955 | reg_alpha: 2.123906 | reg_lambda: 0.8747444	0.44866	46	0	XGBClassifier	Klek
n_estimators: 350 | max_depth: 10 | learning_rate: 0.07443976 | max_leaves: 7 | subsample: 0.6126811 | colsample_bytree: 0.5195899 | gamma: 1.077711 | reg_alpha: 1.898843 | reg_lambda: 0.5973234	0.42327	47	0	XGBClassifier	Klek
n_estimators: 400 | max_depth: 8 | learning_rate: 0.01528864 | max_leaves: 9 | subsample: 0.5399189 | colsample_bytree: 0.5385671 | gamma: 1.481586 | reg_alpha: 1.510451 | reg_lambda: 1.175608	0.3038	48	0	XGBClassifier	Klek
n_estimators: 225 | max_depth: 11 | learning_rate: 0.08767485 | max_leaves: 10 | subsample: 0.559546 | colsample_bytree: 0.5973888 | gamma: 0.8705931 | reg_alpha: 2.65968 | reg_lambda: 0.2248436	0.45068	49	0	XGBClassifier	Klek
n_estimators: 600 | max_depth: 9 | learning_rate: 0.02273739 | max_leaves: 11 | subsample: 0.5953875 | colsample_bytree: 0.6942237 | gamma: 0.4621146 | reg_alpha: 1.131292 | reg_lambda: 2.564793	0.42441	50	0	XGBClassifier	Klek
n_estimators: 700 | max_depth: 9 | learning_rate: 0.0510758 | max_leaves: 10 | subsample: 0.679139 | colsample_bytree: 0.6721909 | gamma: 0.1992118 | reg_alpha: 1.774407 | reg_lambda: 0.102975	0.4771	51	0	XGBClassifier	Klek
n_estimators: 875 | max_depth: 8 | learning_rate: 0.06309739 | max_leaves: 12 | subsample: 0.6584625 | colsample_bytree: 0.5527428 | gamma: 0.1399396 | reg_alpha: 2.156403 | reg_lambda: 0.001227019	0.4992	52	0	XGBClassifier	Klek
n_estimators: 900 | max_depth: 8 | learning_rate: 0.05998372 | max_leaves: 12 | subsample: 0.650372 | colsample_bytree: 0.5462215 | gamma: 0.1861143 | reg_alpha: 2.234838 | reg_lambda: 0.8522012	0.49736	53	0	XGBClassifier	Klek
n_estimators: 550 | max_depth: 8 | learning_rate: 0.06192545 | max_leaves: 12 | subsample: 0.6626035 | colsample_bytree: 0.5552608 | gamma: 0.121477 | reg_alpha: 2.612194 | reg_lambda: 0.9153098	0.48396	54	0	XGBClassifier	Klek
n_estimators: 650 | max_depth: 7 | learning_rate: 0.05561831 | max_leaves: 12 | subsample: 0.6441178 | colsample_bytree: 0.526831 | gamma: 3.675614 | reg_alpha: 3.047195 | reg_lambda: 1.55585	0.32989	55	0	XGBClassifier	Klek
n_estimators: 1000 | max_depth: 12 | learning_rate: 0.04590788 | max_leaves: 4 | subsample: 0.6186261 | colsample_bytree: 0.5024924 | gamma: 0.3550831 | reg_alpha: 1.854699 | reg_lambda: 3.94697	0.42219	56	0	XGBClassifier	Klek
n_estimators: 925 | max_depth: 6 | learning_rate: 0.07527267 | max_leaves: 12 | subsample: 0.6883521 | colsample_bytree: 0.581801 | gamma: 0.0003084519 | reg_alpha: 2.252354 | reg_lambda: 0.754465	0.49811	57	0	XGBClassifier	Klek
n_estimators: 950 | max_depth: 6 | learning_rate: 0.07432259 | max_leaves: 12 | subsample: 0.6907575 | colsample_bytree: 0.5829554 | gamma: 0.8136075 | reg_alpha: 2.283344 | reg_lambda: 1.206383	0.48062	58	0	XGBClassifier	Klek
n_estimators: 900 | max_depth: 7 | learning_rate: 0.03848127 | max_leaves: 12 | subsample: 0.6707193 | colsample_bytree: 0.5980535 | gamma: 4.804698 | reg_alpha: 2.522761 | reg_lambda: 0.8596802	0.30181	59	0	XGBClassifier	Klek
n_estimators: 775 | max_depth: 6 | learning_rate: 0.06366123 | max_leaves: 11 | subsample: 0.644499 | colsample_bytree: 0.625215 | gamma: 0.004162399 | reg_alpha: 2.997318 | reg_lambda: 2.294915	0.47641	60	0	XGBClassifier	Klek
n_estimators: 925 | max_depth: 8 | learning_rate: 0.08794904 | max_leaves: 0 | subsample: 0.74253 | colsample_bytree: 0.5584671 | gamma: 0.5270038 | reg_alpha: 2.005764 | reg_lambda: 0.6643552	0.49262	61	0	XGBClassifier	Klek
n_estimators: 950 | max_depth: 7 | learning_rate: 0.0809941 | max_leaves: 5 | subsample: 0.7324748 | colsample_bytree: 0.5607153 | gamma: 0.5315012 | reg_alpha: 2.014846 | reg_lambda: 1.030964	0.46589	62	0	XGBClassifier	Klek
n_estimators: 925 | max_depth: 8 | learning_rate: 0.07097975 | max_leaves: 0 | subsample: 0.7675555 | colsample_bytree: 0.5413685 | gamma: 0.1853912 | reg_alpha: 2.257949 | reg_lambda: 1.294761	0.50547	63	0	XGBClassifier	Klek
n_estimators: 250 | max_depth: 11 | learning_rate: 0.08915642 | max_leaves: 8 | subsample: 0.8720677 | colsample_bytree: 0.8477902 | gamma: 4.626258 | reg_alpha: 4.466107 | reg_lambda: 0.1617987	0.307	0	4	XGBClassifier	Klek
n_estimators: 900 | max_depth: 8 | learning_rate: 0.00686861 | max_leaves: 7 | subsample: 0.9203696 | colsample_bytree: 0.5066463 | gamma: 4.830263 | reg_alpha: 2.498872 | reg_lambda: 0.1206106	0.25286	1	4	XGBClassifier	Klek
n_estimators: 925 | max_depth: 8 | learning_rate: 0.03680384 | max_leaves: 7 | subsample: 0.5784179 | colsample_bytree: 0.560537 | gamma: 2.018425 | reg_alpha: 4.808175 | reg_lambda: 3.373433	0.39148	2	4	XGBClassifier	Klek
n_estimators: 500 | max_depth: 10 | learning_rate: 0.01437054 | max_leaves: 8 | subsample: 0.8444043 | colsample_bytree: 0.8301259 | gamma: 2.889476 | reg_alpha: 2.137039 | reg_lambda: 1.415607	0.30261	3	4	XGBClassifier	Klek
n_estimators: 725 | max_depth: 12 | learning_rate: 0.01234428 | max_leaves: 8 | subsample: 0.8961732 | colsample_bytree: 0.9051873 | gamma: 3.780718 | reg_alpha: 2.098006 | reg_lambda: 2.526984	0.33327	4	4	XGBClassifier	Klek
n_estimators: 875 | max_depth: 4 | learning_rate: 0.04335646 | max_leaves: 4 | subsample: 0.7400838 | colsample_bytree: 0.9311628 | gamma: 3.173054 | reg_alpha: 2.809012 | reg_lambda: 1.414826	0.36878	5	4	XGBClassifier	Klek
n_estimators: 875 | max_depth: 11 | learning_rate: 0.03990505 | max_leaves: 12 | subsample: 0.5964868 | colsample_bytree: 0.5068843 | gamma: 2.959552 | reg_alpha: 4.284971 | reg_lambda: 1.75499	0.36391	6	4	XGBClassifier	Klek
n_estimators: 500 | max_depth: 4 | learning_rate: 0.01656828 | max_leaves: 11 | subsample: 0.6365846 | colsample_bytree: 0.7868194 | gamma: 2.424257 | reg_alpha: 4.345336 | reg_lambda: 0.07915287	0.32818	7	4	XGBClassifier	Klek
n_estimators: 1000 | max_depth: 11 | learning_rate: 0.02885434 | max_leaves: 4 | subsample: 0.7375701 | colsample_bytree: 0.5115019 | gamma: 4.784152 | reg_alpha: 3.695928 | reg_lambda: 2.940469	0.2859	8	4	XGBClassifier	Klek
n_estimators: 450 | max_depth: 12 | learning_rate: 0.0284714 | max_leaves: 3 | subsample: 0.9691834 | colsample_bytree: 0.6664723 | gamma: 2.269974 | reg_alpha: 0.103315 | reg_lambda: 4.711383	0.20703	9	4	XGBClassifier	Klek
n_estimators: 100 | max_depth: 7 | learning_rate: 0.09877523 | max_leaves: 1 | subsample: 0.5178389 | colsample_bytree: 0.6478363 | gamma: 0.8018341 | reg_alpha: 0.9153458 | reg_lambda: 3.988742	0.0	10	4	XGBClassifier	Klek
n_estimators: 700 | max_depth: 2 | learning_rate: 0.04494078 | max_leaves: 5 | subsample: 0.7337993 | colsample_bytree: 0.998856 | gamma: 1.273205 | reg_alpha: 2.999019 | reg_lambda: 3.418689	0.37219	11	4	XGBClassifier	Klek
n_estimators: 725 | max_depth: 2 | learning_rate: 0.05918473 | max_leaves: 5 | subsample: 0.6579754 | colsample_bytree: 0.994208 | gamma: 1.215515 | reg_alpha: 3.342432 | reg_lambda: 3.622699	0.41971	12	4	XGBClassifier	Klek
n_estimators: 700 | max_depth: 7 | learning_rate: 0.0648555 | max_leaves: 10 | subsample: 0.6302737 | colsample_bytree: 0.6938927 | gamma: 1.662015 | reg_alpha: 4.964249 | reg_lambda: 3.961392	0.41394	13	4	XGBClassifier	Klek
n_estimators: 725 | max_depth: 5 | learning_rate: 0.06559037 | max_leaves: 11 | subsample: 0.6642808 | colsample_bytree: 0.7207894 | gamma: 0.02100167 | reg_alpha: 3.589558 | reg_lambda: 4.864572	0.49117	14	4	XGBClassifier	Klek
n_estimators: 625 | max_depth: 2 | learning_rate: 0.06211805 | max_leaves: 1 | subsample: 0.6796707 | colsample_bytree: 0.7418857 | gamma: 0.01829979 | reg_alpha: 3.414228 | reg_lambda: 4.843852	0.0	15	4	XGBClassifier	Klek
n_estimators: 350 | max_depth: 4 | learning_rate: 0.06838382 | max_leaves: 9 | subsample: 0.8142694 | colsample_bytree: 0.6004733 | gamma: 0.01545595 | reg_alpha: 3.797555 | reg_lambda: 4.253411	0.43832	16	4	XGBClassifier	Klek
n_estimators: 375 | max_depth: 5 | learning_rate: 0.005561206 | max_leaves: 10 | subsample: 0.7988793 | colsample_bytree: 0.605066 | gamma: 0.1565766 | reg_alpha: 3.866207 | reg_lambda: 4.455111	0.15004	17	4	XGBClassifier	Klek
n_estimators: 325 | max_depth: 5 | learning_rate: 0.02062507 | max_leaves: 10 | subsample: 0.8074459 | colsample_bytree: 0.720709 | gamma: 0.58683 | reg_alpha: 1.515535 | reg_lambda: 4.214931	0.30139	18	4	XGBClassifier	Klek
n_estimators: 250 | max_depth: 4 | learning_rate: 0.07707494 | max_leaves: 12 | subsample: 0.7902094 | colsample_bytree: 0.6123216 | gamma: 0.6334051 | reg_alpha: 3.862507 | reg_lambda: 4.942882	0.43364	19	4	XGBClassifier	Klek
n_estimators: 625 | max_depth: 5 | learning_rate: 0.008708303 | max_leaves: 9 | subsample: 0.5464173 | colsample_bytree: 0.7762135 | gamma: 1.142753 | reg_alpha: 3.055255 | reg_lambda: 2.956898	0.29207	20	4	XGBClassifier	Klek
n_estimators: 200 | max_depth: 4 | learning_rate: 0.07690101 | max_leaves: 12 | subsample: 0.8000449 | colsample_bytree: 0.6193879 | gamma: 0.5347547 | reg_alpha: 3.926791 | reg_lambda: 4.995357	0.41104	21	4	XGBClassifier	Klek
n_estimators: 375 | max_depth: 3 | learning_rate: 0.0599097 | max_leaves: 12 | subsample: 0.7049488 | colsample_bytree: 0.5791248 | gamma: 0.04410276 | reg_alpha: 3.596146 | reg_lambda: 4.430545	0.40646	22	4	XGBClassifier	Klek
n_estimators: 150 | max_depth: 6 | learning_rate: 0.07620999 | max_leaves: 11 | subsample: 0.7839333 | colsample_bytree: 0.6696957 | gamma: 0.5821257 | reg_alpha: 4.108494 | reg_lambda: 4.566566	0.38814	23	4	XGBClassifier	Klek
n_estimators: 300 | max_depth: 3 | learning_rate: 0.05078473 | max_leaves: 9 | subsample: 0.839606 | colsample_bytree: 0.555545 | gamma: 0.3949867 | reg_alpha: 2.5715 | reg_lambda: 4.996586	0.34944	24	4	XGBClassifier	Klek
n_estimators: 425 | max_depth: 6 | learning_rate: 0.03074779 | max_leaves: 11 | subsample: 0.6890177 | colsample_bytree: 0.633558 | gamma: 0.8737887 | reg_alpha: 4.681124 | reg_lambda: 3.829484	0.41255	25	4	XGBClassifier	Klek
n_estimators: 250 | max_depth: 3 | learning_rate: 0.09983112 | max_leaves: 9 | subsample: 0.9999693 | colsample_bytree: 0.7178809 | gamma: 1.612828 | reg_alpha: 3.314066 | reg_lambda: 4.285147	0.37531	26	4	XGBClassifier	Klek
n_estimators: 575 | max_depth: 6 | learning_rate: 0.07639778 | max_leaves: 11 | subsample: 0.930743 | colsample_bytree: 0.5907015 | gamma: 0.9899276 | reg_alpha: 3.947841 | reg_lambda: 4.100039	0.4216	27	4	XGBClassifier	Klek
n_estimators: 200 | max_depth: 4 | learning_rate: 0.05305531 | max_leaves: 12 | subsample: 0.7570078 | colsample_bytree: 0.5444696 | gamma: 0.3086285 | reg_alpha: 3.128375 | reg_lambda: 3.075826	0.36364	28	4	XGBClassifier	Klek
n_estimators: 775 | max_depth: 5 | learning_rate: 0.07826574 | max_leaves: 8 | subsample: 0.8825253 | colsample_bytree: 0.8195809 | gamma: 4.324559 | reg_alpha: 4.588695 | reg_lambda: 4.547452	0.31163	29	4	XGBClassifier	Klek
n_estimators: 275 | max_depth: 8 | learning_rate: 0.02189418 | max_leaves: 10 | subsample: 0.8547502 | colsample_bytree: 0.6945733 | gamma: 1.657121 | reg_alpha: 4.335126 | reg_lambda: 1.916416	0.30363	30	4	XGBClassifier	Klek
n_estimators: 600 | max_depth: 6 | learning_rate: 0.0866296 | max_leaves: 11 | subsample: 0.9681855 | colsample_bytree: 0.5968061 | gamma: 0.9187191 | reg_alpha: 3.924296 | reg_lambda: 4.209654	0.43524	31	4	XGBClassifier	Klek
n_estimators: 575 | max_depth: 6 | learning_rate: 0.08533073 | max_leaves: 11 | subsample: 0.9335789 | colsample_bytree: 0.6235297 | gamma: 0.7720816 | reg_alpha: 3.597323 | reg_lambda: 0.6199425	0.43804	32	4	XGBClassifier	Klek
n_estimators: 600 | max_depth: 6 | learning_rate: 0.08795142 | max_leaves: 7 | subsample: 0.9340269 | colsample_bytree: 0.652511 | gamma: 0.2437122 | reg_alpha: 3.561857 | reg_lambda: 0.9443834	0.46693	33	4	XGBClassifier	Klek
n_estimators: 800 | max_depth: 9 | learning_rate: 0.04999693 | max_leaves: 7 | subsample: 0.9265011 | colsample_bytree: 0.6506958 | gamma: 0.2730945 | reg_alpha: 2.606708 | reg_lambda: 0.6285807	0.45928	34	4	XGBClassifier	Klek
n_estimators: 800 | max_depth: 9 | learning_rate: 0.04889959 | max_leaves: 7 | subsample: 0.9016751 | colsample_bytree: 0.6686897 | gamma: 0.3132303 | reg_alpha: 2.48945 | reg_lambda: 0.7353609	0.46528	35	4	XGBClassifier	Klek
n_estimators: 800 | max_depth: 9 | learning_rate: 0.03478785 | max_leaves: 6 | subsample: 0.9041797 | colsample_bytree: 0.7599431 | gamma: 0.3726296 | reg_alpha: 2.101606 | reg_lambda: 0.553511	0.42194	36	4	XGBClassifier	Klek
n_estimators: 825 | max_depth: 9 | learning_rate: 0.05018405 | max_leaves: 7 | subsample: 0.961071 | colsample_bytree: 0.6661413 | gamma: 0.2979056 | reg_alpha: 1.697687 | reg_lambda: 0.8758697	0.45955	37	4	XGBClassifier	Klek
n_estimators: 950 | max_depth: 9 | learning_rate: 0.03670239 | max_leaves: 7 | subsample: 0.9695809 | colsample_bytree: 0.7004751 | gamma: 3.6802 | reg_alpha: 2.256652 | reg_lambda: 0.9550446	0.34127	38	4	XGBClassifier	Klek
n_estimators: 850 | max_depth: 10 | learning_rate: 0.04444885 | max_leaves: 6 | subsample: 0.8709584 | colsample_bytree: 0.8054299 | gamma: 1.440513 | reg_alpha: 1.727488 | reg_lambda: 1.204106	0.4385	39	4	XGBClassifier	Klek
n_estimators: 675 | max_depth: 10 | learning_rate: 0.05509579 | max_leaves: 5 | subsample: 0.9599438 | colsample_bytree: 0.7432096 | gamma: 0.3412269 | reg_alpha: 1.442887 | reg_lambda: 1.963558	0.42687	40	4	XGBClassifier	Klek
n_estimators: 800 | max_depth: 9 | learning_rate: 0.04632461 | max_leaves: 7 | subsample: 0.9998218 | colsample_bytree: 0.66614 | gamma: 0.2875815 | reg_alpha: 2.62005 | reg_lambda: 0.378397	0.44783	41	4	XGBClassifier	Klek
n_estimators: 750 | max_depth: 8 | learning_rate: 0.02595484 | max_leaves: 7 | subsample: 0.9034651 | colsample_bytree: 0.6494612 | gamma: 2.058764 | reg_alpha: 0.9401003 | reg_lambda: 0.8979746	0.4099	42	4	XGBClassifier	Klek
n_estimators: 875 | max_depth: 9 | learning_rate: 0.03878281 | max_leaves: 8 | subsample: 0.9409259 | colsample_bytree: 0.8650172 | gamma: 0.1862073 | reg_alpha: 2.346571 | reg_lambda: 1.615919	0.45363	43	4	XGBClassifier	Klek
n_estimators: 825 | max_depth: 10 | learning_rate: 0.04950219 | max_leaves: 8 | subsample: 0.9135749 | colsample_bytree: 0.6737112 | gamma: 0.5231715 | reg_alpha: 2.936467 | reg_lambda: 2.308438	0.45782	44	4	XGBClassifier	Klek
n_estimators: 925 | max_depth: 7 | learning_rate: 0.07035759 | max_leaves: 2 | subsample: 0.5976318 | colsample_bytree: 0.707803 | gamma: 1.073593 | reg_alpha: 1.868151 | reg_lambda: 0.9691859	0.36537	45	4	XGBClassifier	Klek
n_estimators: 675 | max_depth: 8 | learning_rate: 0.05632936 | max_leaves: 6 | subsample: 0.9533311 | colsample_bytree: 0.6506398 | gamma: 2.704415 | reg_alpha: 1.034872 | reg_lambda: 0.1244828	0.40242	46	4	XGBClassifier	Klek
n_estimators: 500 | max_depth: 7 | learning_rate: 0.04206943 | max_leaves: 4 | subsample: 0.8696352 | colsample_bytree: 0.7364568 | gamma: 0.7412154 | reg_alpha: 2.673191 | reg_lambda: 1.337395	0.33214	47	4	XGBClassifier	Klek
n_estimators: 975 | max_depth: 11 | learning_rate: 0.01799062 | max_leaves: 0 | subsample: 0.8851015 | colsample_bytree: 0.6823957 | gamma: 1.405887 | reg_alpha: 1.915308 | reg_lambda: 0.4085746	0.43946	48	4	XGBClassifier	Klek
n_estimators: 725 | max_depth: 12 | learning_rate: 0.03249241 | max_leaves: 6 | subsample: 0.8299556 | colsample_bytree: 0.641523 | gamma: 3.446841 | reg_alpha: 0.3180543 | reg_lambda: 0.7622102	0.39626	49	4	XGBClassifier	Klek
n_estimators: 900 | max_depth: 10 | learning_rate: 0.06444111 | max_leaves: 5 | subsample: 0.9826879 | colsample_bytree: 0.7230286 | gamma: 0.03223159 | reg_alpha: 2.409042 | reg_lambda: 0.2888427	0.4697	50	4	XGBClassifier	Klek
n_estimators: 850 | max_depth: 10 | learning_rate: 0.06711234 | max_leaves: 5 | subsample: 0.9829967 | colsample_bytree: 0.7200023 | gamma: 0.02703842 | reg_alpha: 2.389982 | reg_lambda: 0.0008894852	0.45821	51	4	XGBClassifier	Klek
n_estimators: 900 | max_depth: 9 | learning_rate: 0.01268827 | max_leaves: 7 | subsample: 0.9246748 | colsample_bytree: 0.7847393 | gamma: 0.1971489 | reg_alpha: 2.773858 | reg_lambda: 1.16167	0.33254	52	4	XGBClassifier	Klek
n_estimators: 775 | max_depth: 11 | learning_rate: 0.08960717 | max_leaves: 3 | subsample: 0.948319 | colsample_bytree: 0.7557911 | gamma: 0.3731747 | reg_alpha: 1.319064 | reg_lambda: 0.3747237	0.43941	53	4	XGBClassifier	Klek
n_estimators: 650 | max_depth: 10 | learning_rate: 0.06250757 | max_leaves: 4 | subsample: 0.9766687 | colsample_bytree: 0.6862297 | gamma: 0.6315981 | reg_alpha: 3.221687 | reg_lambda: 0.6932391	0.41173	54	4	XGBClassifier	Klek
n_estimators: 925 | max_depth: 9 | learning_rate: 0.02533575 | max_leaves: 6 | subsample: 0.6352589 | colsample_bytree: 0.6605897 | gamma: 0.01045065 | reg_alpha: 2.883321 | reg_lambda: 1.620747	0.41026	55	4	XGBClassifier	Klek
n_estimators: 825 | max_depth: 11 | learning_rate: 0.04896432 | max_leaves: 7 | subsample: 0.9862353 | colsample_bytree: 0.7297142 | gamma: 0.1882603 | reg_alpha: 1.904377 | reg_lambda: 2.55149	0.456	56	4	XGBClassifier	Klek
n_estimators: 750 | max_depth: 8 | learning_rate: 0.06827309 | max_leaves: 8 | subsample: 0.9471138 | colsample_bytree: 0.7672435 | gamma: 0.4875982 | reg_alpha: 1.719278 | reg_lambda: 0.1935437	0.46941	57	4	XGBClassifier	Klek
n_estimators: 1000 | max_depth: 8 | learning_rate: 0.09160161 | max_leaves: 8 | subsample: 0.9471673 | colsample_bytree: 0.768039 | gamma: 0.4513833 | reg_alpha: 1.730496 | reg_lambda: 0.2448946	0.47981	58	4	XGBClassifier	Klek
n_estimators: 975 | max_depth: 7 | learning_rate: 0.09413131 | max_leaves: 8 | subsample: 0.8935476 | colsample_bytree: 0.8433766 | gamma: 0.7194168 | reg_alpha: 2.21395 | reg_lambda: 0.2536824	0.47936	59	4	XGBClassifier	Klek
n_estimators: 975 | max_depth: 7 | learning_rate: 0.09412548 | max_leaves: 9 | subsample: 0.854983 | colsample_bytree: 0.8903198 | gamma: 0.7593063 | reg_alpha: 1.255136 | reg_lambda: 0.2019211	0.47682	60	4	XGBClassifier	Klek
n_estimators: 1000 | max_depth: 7 | learning_rate: 0.0927146 | max_leaves: 9 | subsample: 0.9466592 | colsample_bytree: 0.8703199 | gamma: 0.5144792 | reg_alpha: 1.186116 | reg_lambda: 0.2277555	0.48102	61	4	XGBClassifier	Klek
n_estimators: 1000 | max_depth: 7 | learning_rate: 0.09982098 | max_leaves: 9 | subsample: 0.9471126 | colsample_bytree: 0.8686511 | gamma: 0.772528 | reg_alpha: 1.234517 | reg_lambda: 0.2018607	0.47482	62	4	XGBClassifier	Klek
n_estimators: 1000 | max_depth: 7 | learning_rate: 0.09568299 | max_leaves: 9 | subsample: 0.883545 | colsample_bytree: 0.8870095 | gamma: 1.293138 | reg_alpha: 0.6752173 | reg_lambda: 0.2115366	0.46896	63	4	XGBClassifier	Klek
n_estimators: 800 | max_depth: 11 | learning_rate: 0.03045296 | max_leaves: 10 | subsample: 0.9910036 | colsample_bytree: 0.5988903 | gamma: 0.573571 | reg_alpha: 1.183536 | reg_lambda: 1.584208	0.43063	0	1	XGBClassifier	Klek
n_estimators: 950 | max_depth: 10 | learning_rate: 0.0238779 | max_leaves: 9 | subsample: 0.531088 | colsample_bytree: 0.7524152 | gamma: 3.093752 | reg_alpha: 3.169946 | reg_lambda: 2.744972	0.3682	1	1	XGBClassifier	Klek
n_estimators: 275 | max_depth: 3 | learning_rate: 0.006213112 | max_leaves: 6 | subsample: 0.7385394 | colsample_bytree: 0.6709041 | gamma: 1.352135 | reg_alpha: 2.612413 | reg_lambda: 0.5657822	0.07724	2	1	XGBClassifier	Klek
n_estimators: 400 | max_depth: 2 | learning_rate: 0.08582894 | max_leaves: 11 | subsample: 0.7735431 | colsample_bytree: 0.7811079 | gamma: 2.283759 | reg_alpha: 4.125404 | reg_lambda: 3.305357	0.36696	3	1	XGBClassifier	Klek
n_estimators: 750 | max_depth: 11 | learning_rate: 0.09662022 | max_leaves: 7 | subsample: 0.6102429 | colsample_bytree: 0.639133 | gamma: 2.723746 | reg_alpha: 2.542486 | reg_lambda: 3.941477	0.41611	4	1	XGBClassifier	Klek
n_estimators: 575 | max_depth: 10 | learning_rate: 0.06030585 | max_leaves: 7 | subsample: 0.5415161 | colsample_bytree: 0.7422841 | gamma: 0.2846449 | reg_alpha: 3.987384 | reg_lambda: 4.391774	0.44565	5	1	XGBClassifier	Klek
n_estimators: 1000 | max_depth: 11 | learning_rate: 0.03873287 | max_leaves: 4 | subsample: 0.6570907 | colsample_bytree: 0.9482372 | gamma: 4.496076 | reg_alpha: 2.34094 | reg_lambda: 3.222042	0.3427	6	1	XGBClassifier	Klek
n_estimators: 725 | max_depth: 12 | learning_rate: 0.09303857 | max_leaves: 0 | subsample: 0.5366548 | colsample_bytree: 0.5981696 | gamma: 2.287656 | reg_alpha: 2.715326 | reg_lambda: 2.444768	0.41543	7	1	XGBClassifier	Klek
n_estimators: 475 | max_depth: 5 | learning_rate: 0.01269254 | max_leaves: 7 | subsample: 0.7018753 | colsample_bytree: 0.721798 | gamma: 4.971749 | reg_alpha: 3.521071 | reg_lambda: 1.87059	0.25236	8	1	XGBClassifier	Klek
n_estimators: 150 | max_depth: 4 | learning_rate: 0.02634554 | max_leaves: 1 | subsample: 0.7436021 | colsample_bytree: 0.5993318 | gamma: 3.144707 | reg_alpha: 1.990936 | reg_lambda: 1.643708	0.0	9	1	XGBClassifier	Klek
n_estimators: 600 | max_depth: 8 | learning_rate: 0.04820041 | max_leaves: 3 | subsample: 0.894885 | colsample_bytree: 0.8704447 | gamma: 0.09648139 | reg_alpha: 4.953612 | reg_lambda: 4.982531	0.32518	10	1	XGBClassifier	Klek
n_estimators: 750 | max_depth: 8 | learning_rate: 0.04742378 | max_leaves: 12 | subsample: 0.9593044 | colsample_bytree: 0.5089714 | gamma: 0.03378981 | reg_alpha: 0.6201885 | reg_lambda: 0.6746289	0.45997	11	1	XGBClassifier	Klek
n_estimators: 600 | max_depth: 8 | learning_rate: 0.05397672 | max_leaves: 12 | subsample: 0.8540697 | colsample_bytree: 0.5011006 | gamma: 1.00404 | reg_alpha: 0.07652895 | reg_lambda: 0.2331357	0.45323	12	1	XGBClassifier	Klek
n_estimators: 625 | max_depth: 7 | learning_rate: 0.01522627 | max_leaves: 12 | subsample: 0.8657272 | colsample_bytree: 0.5081145 | gamma: 1.212125 | reg_alpha: 0.1114105 | reg_lambda: 0.01847318	0.35995	13	1	XGBClassifier	Klek
n_estimators: 825 | max_depth: 8 | learning_rate: 0.05735101 | max_leaves: 12 | subsample: 0.9872326 | colsample_bytree: 0.5085797 | gamma: 1.355056 | reg_alpha: 0.05596535 | reg_lambda: 0.8657029	0.43494	14	1	XGBClassifier	Klek
n_estimators: 400 | max_depth: 6 | learning_rate: 0.01623356 | max_leaves: 9 | subsample: 0.8680523 | colsample_bytree: 0.5011018 | gamma: 0.7890346 | reg_alpha: 0.8529496 | reg_lambda: 0.08409265	0.27689	15	1	XGBClassifier	Klek
n_estimators: 875 | max_depth: 8 | learning_rate: 0.03836164 | max_leaves: 10 | subsample: 0.9226386 | colsample_bytree: 0.5555659 | gamma: 1.7548 | reg_alpha: 1.064259 | reg_lambda: 0.9295169	0.41692	16	1	XGBClassifier	Klek
n_estimators: 675 | max_depth: 9 | learning_rate: 0.0668175 | max_leaves: 12 | subsample: 0.7860955 | colsample_bytree: 0.8329374 | gamma: 0.08199763 | reg_alpha: 1.672198 | reg_lambda: 1.097067	0.47562	17	1	XGBClassifier	Klek
n_estimators: 700 | max_depth: 9 | learning_rate: 0.0720123 | max_leaves: 9 | subsample: 0.8152559 | colsample_bytree: 0.8312594 | gamma: 0.03388535 | reg_alpha: 1.713172 | reg_lambda: 1.195871	0.46683	18	1	XGBClassifier	Klek
n_estimators: 700 | max_depth: 9 | learning_rate: 0.0685392 | max_leaves: 9 | subsample: 0.8054278 | colsample_bytree: 0.8387832 | gamma: 3.788814 | reg_alpha: 1.690154 | reg_lambda: 1.295902	0.37114	19	1	XGBClassifier	Klek
n_estimators: 475 | max_depth: 6 | learning_rate: 0.007350133 | max_leaves: 5 | subsample: 0.8076907 | colsample_bytree: 0.9773043 | gamma: 1.774294 | reg_alpha: 1.529183 | reg_lambda: 2.150576	0.15934	20	1	XGBClassifier	Klek
n_estimators: 675 | max_depth: 9 | learning_rate: 0.07400792 | max_leaves: 11 | subsample: 0.9418814 | colsample_bytree: 0.8714575 | gamma: 0.04873902 | reg_alpha: 0.6437822 | reg_lambda: 1.115941	0.47454	21	1	XGBClassifier	Klek
n_estimators: 650 | max_depth: 9 | learning_rate: 0.07405937 | max_leaves: 10 | subsample: 0.828658 | colsample_bytree: 0.8851671 | gamma: 0.5092072 | reg_alpha: 1.557266 | reg_lambda: 1.212215	0.46879	22	1	XGBClassifier	Klek
n_estimators: 475 | max_depth: 10 | learning_rate: 0.03696742 | max_leaves: 11 | subsample: 0.9371536 | colsample_bytree: 0.9209214 | gamma: 0.7883668 | reg_alpha: 0.5902022 | reg_lambda: 1.186328	0.43431	23	1	XGBClassifier	Klek
n_estimators: 650 | max_depth: 9 | learning_rate: 0.07476823 | max_leaves: 10 | subsample: 0.8373889 | colsample_bytree: 0.8765583 | gamma: 0.5473858 | reg_alpha: 1.279365 | reg_lambda: 2.034468	0.46988	24	1	XGBClassifier	Klek
n_estimators: 850 | max_depth: 7 | learning_rate: 0.07713718 | max_leaves: 11 | subsample: 0.9120129 | colsample_bytree: 0.8088463 | gamma: 0.4563161 | reg_alpha: 1.18832 | reg_lambda: 2.134355	0.47724	25	1	XGBClassifier	Klek
n_estimators: 875 | max_depth: 6 | learning_rate: 0.09905438 | max_leaves: 8 | subsample: 0.9055103 | colsample_bytree: 0.8056382 | gamma: 1.677013 | reg_alpha: 2.053071 | reg_lambda: 2.478115	0.41383	26	1	XGBClassifier	Klek
n_estimators: 900 | max_depth: 7 | learning_rate: 0.04723076 | max_leaves: 11 | subsample: 0.6998027 | colsample_bytree: 0.9156795 | gamma: 0.4762843 | reg_alpha: 0.4906415 | reg_lambda: 2.885339	0.47834	27	1	XGBClassifier	Klek
n_estimators: 950 | max_depth: 7 | learning_rate: 0.04478363 | max_leaves: 11 | subsample: 0.6506003 | colsample_bytree: 0.9918992 | gamma: 0.9470074 | reg_alpha: 0.9440467 | reg_lambda: 3.211996	0.47555	28	1	XGBClassifier	Klek
n_estimators: 825 | max_depth: 5 | learning_rate: 0.02992043 | max_leaves: 8 | subsample: 0.7065012 | colsample_bytree: 0.9188858 | gamma: 0.3702218 | reg_alpha: 0.4155781 | reg_lambda: 2.978328	0.42768	29	1	XGBClassifier	Klek
n_estimators: 900 | max_depth: 7 | learning_rate: 0.03208882 | max_leaves: 10 | subsample: 0.6390295 | colsample_bytree: 0.7901102 | gamma: 0.6722575 | reg_alpha: 1.326421 | reg_lambda: 3.657317	0.45886	30	1	XGBClassifier	Klek
n_estimators: 1000 | max_depth: 7 | learning_rate: 0.04506366 | max_leaves: 11 | subsample: 0.5757548 | colsample_bytree: 0.9919151 | gamma: 1.059191 | reg_alpha: 0.9471934 | reg_lambda: 3.59496	0.47452	31	1	XGBClassifier	Klek
n_estimators: 925 | max_depth: 7 | learning_rate: 0.06143914 | max_leaves: 11 | subsample: 0.6830442 | colsample_bytree: 0.9528224 | gamma: 0.8217176 | reg_alpha: 0.987138 | reg_lambda: 2.865018	0.48317	32	1	XGBClassifier	Klek
n_estimators: 800 | max_depth: 6 | learning_rate: 0.0608692 | max_leaves: 12 | subsample: 0.6965512 | colsample_bytree: 0.9231602 | gamma: 0.403836 | reg_alpha: 2.030832 | reg_lambda: 2.760966	0.47806	33	1	XGBClassifier	Klek
n_estimators: 925 | max_depth: 5 | learning_rate: 0.02074438 | max_leaves: 8 | subsample: 0.6985321 | colsample_bytree: 0.9387898 | gamma: 1.4265 | reg_alpha: 2.911045 | reg_lambda: 2.808079	0.41282	34	1	XGBClassifier	Klek
n_estimators: 775 | max_depth: 6 | learning_rate: 0.05931361 | max_leaves: 11 | subsample: 0.6709746 | colsample_bytree: 0.9611025 | gamma: 0.4249605 | reg_alpha: 2.084201 | reg_lambda: 2.260271	0.47964	35	1	XGBClassifier	Klek
n_estimators: 775 | max_depth: 4 | learning_rate: 0.05904317 | max_leaves: 10 | subsample: 0.677012 | colsample_bytree: 0.9561776 | gamma: 1.999908 | reg_alpha: 2.16105 | reg_lambda: 2.702053	0.43498	36	1	XGBClassifier	Klek
n_estimators: 800 | max_depth: 6 | learning_rate: 0.05348483 | max_leaves: 12 | subsample: 0.597963 | colsample_bytree: 0.9037196 | gamma: 0.8076804 | reg_alpha: 3.361653 | reg_lambda: 3.9724	0.46014	37	1	XGBClassifier	Klek
n_estimators: 950 | max_depth: 4 | learning_rate: 0.02291883 | max_leaves: 10 | subsample: 0.7338832 | colsample_bytree: 0.962194 | gamma: 1.181101 | reg_alpha: 2.405681 | reg_lambda: 2.375593	0.44087	38	1	XGBClassifier	Klek
n_estimators: 1000 | max_depth: 2 | learning_rate: 0.08424286 | max_leaves: 6 | subsample: 0.6146177 | colsample_bytree: 0.928888 | gamma: 2.805239 | reg_alpha: 2.943881 | reg_lambda: 2.995047	0.38818	39	1	XGBClassifier	Klek
n_estimators: 775 | max_depth: 5 | learning_rate: 0.03211925 | max_leaves: 11 | subsample: 0.7689556 | colsample_bytree: 0.9032075 | gamma: 3.510895 | reg_alpha: 0.3649081 | reg_lambda: 3.495217	0.40285	40	1	XGBClassifier	Klek
n_estimators: 850 | max_depth: 6 | learning_rate: 0.08333291 | max_leaves: 11 | subsample: 0.7229702 | colsample_bytree: 0.69398 | gamma: 0.3556267 | reg_alpha: 1.907096 | reg_lambda: 2.227118	0.48976	41	1	XGBClassifier	Klek
n_estimators: 925 | max_depth: 6 | learning_rate: 0.08755495 | max_leaves: 11 | subsample: 0.7228034 | colsample_bytree: 0.7048344 | gamma: 0.2546557 | reg_alpha: 1.91888 | reg_lambda: 2.684154	0.48774	42	1	XGBClassifier	Klek
n_estimators: 925 | max_depth: 5 | learning_rate: 0.09309887 | max_leaves: 11 | subsample: 0.7313077 | colsample_bytree: 0.7051243 | gamma: 0.2532983 | reg_alpha: 2.673827 | reg_lambda: 1.625704	0.48979	43	1	XGBClassifier	Klek
n_estimators: 975 | max_depth: 3 | learning_rate: 0.08792206 | max_leaves: 9 | subsample: 0.7348581 | colsample_bytree: 0.6980564 | gamma: 0.2527302 | reg_alpha: 2.641503 | reg_lambda: 1.761027	0.47152	44	1	XGBClassifier	Klek
n_estimators: 925 | max_depth: 5 | learning_rate: 0.09828961 | max_leaves: 3 | subsample: 0.6705912 | colsample_bytree: 0.6578326 | gamma: 0.2190283 | reg_alpha: 2.29945 | reg_lambda: 1.493856	0.42774	45	1	XGBClassifier	Klek
n_estimators: 875 | max_depth: 4 | learning_rate: 0.08457442 | max_leaves: 10 | subsample: 0.7674654 | colsample_bytree: 0.7440293 | gamma: 0.6204813 | reg_alpha: 2.90989 | reg_lambda: 2.300103	0.4721	46	1	XGBClassifier	Klek
n_estimators: 150 | max_depth: 6 | learning_rate: 0.08429232 | max_leaves: 8 | subsample: 0.72737 | colsample_bytree: 0.7072486 | gamma: 0.9283341 | reg_alpha: 3.875108 | reg_lambda: 1.959965	0.38721	47	1	XGBClassifier	Klek
n_estimators: 850 | max_depth: 5 | learning_rate: 0.06274643 | max_leaves: 9 | subsample: 0.6240866 | colsample_bytree: 0.7652182 | gamma: 1.468117 | reg_alpha: 1.89679 | reg_lambda: 1.476591	0.45275	48	1	XGBClassifier	Klek
n_estimators: 950 | max_depth: 3 | learning_rate: 0.009755536 | max_leaves: 12 | subsample: 0.5016207 | colsample_bytree: 0.6785076 | gamma: 0.2516521 | reg_alpha: 2.23266 | reg_lambda: 2.626579	0.30166	49	1	XGBClassifier	Klek
n_estimators: 900 | max_depth: 6 | learning_rate: 0.05282543 | max_leaves: 1 | subsample: 0.7181257 | colsample_bytree: 0.6279707 | gamma: 0.6899138 | reg_alpha: 2.546944 | reg_lambda: 1.705458	0.0	50	1	XGBClassifier	Klek
n_estimators: 900 | max_depth: 7 | learning_rate: 0.06484904 | max_leaves: 12 | subsample: 0.6831673 | colsample_bytree: 0.7221671 | gamma: 0.3349247 | reg_alpha: 1.393949 | reg_lambda: 2.265014	0.48488	51	1	XGBClassifier	Klek
n_estimators: 750 | max_depth: 8 | learning_rate: 0.06468011 | max_leaves: 11 | subsample: 0.6738812 | colsample_bytree: 0.727635 | gamma: 0.2224391 | reg_alpha: 1.86776 | reg_lambda: 2.268272	0.47554	52	1	XGBClassifier	Klek
n_estimators: 825 | max_depth: 7 | learning_rate: 0.08005212 | max_leaves: 12 | subsample: 0.754108 | colsample_bytree: 0.6851299 | gamma: 1.178105 | reg_alpha: 1.391638 | reg_lambda: 2.532406	0.4664	53	1	XGBClassifier	Klek
n_estimators: 975 | max_depth: 6 | learning_rate: 0.09002292 | max_leaves: 12 | subsample: 0.6829908 | colsample_bytree: 0.6512354 | gamma: 0.3289358 | reg_alpha: 1.488726 | reg_lambda: 1.892408	0.48955	54	1	XGBClassifier	Klek
n_estimators: 975 | max_depth: 12 | learning_rate: 0.09311288 | max_leaves: 12 | subsample: 0.7856278 | colsample_bytree: 0.6359594 | gamma: 0.002684737 | reg_alpha: 1.844282 | reg_lambda: 1.864128	0.49519	55	1	XGBClassifier	Klek
n_estimators: 1000 | max_depth: 12 | learning_rate: 0.08996742 | max_leaves: 12 | subsample: 0.7813003 | colsample_bytree: 0.6257151 | gamma: 4.371011 | reg_alpha: 1.473281 | reg_lambda: 1.857415	0.38791	56	1	XGBClassifier	Klek
n_estimators: 975 | max_depth: 5 | learning_rate: 0.09553246 | max_leaves: 12 | subsample: 0.7171201 | colsample_bytree: 0.5895627 | gamma: 0.1820826 | reg_alpha: 1.778402 | reg_lambda: 1.579759	0.49772	57	1	XGBClassifier	Klek
n_estimators: 975 | max_depth: 5 | learning_rate: 0.09600172 | max_leaves: 12 | subsample: 0.7557909 | colsample_bytree: 0.5809849 | gamma: 0.07043764 | reg_alpha: 1.805953 | reg_lambda: 1.430535	0.49201	58	1	XGBClassifier	Klek
n_estimators: 975 | max_depth: 11 | learning_rate: 0.09280433 | max_leaves: 12 | subsample: 0.7963235 | colsample_bytree: 0.5629586 | gamma: 0.0008139031 | reg_alpha: 1.737497 | reg_lambda: 0.5116217	0.4873	59	1	XGBClassifier	Klek
n_estimators: 975 | max_depth: 4 | learning_rate: 0.09946769 | max_leaves: 12 | subsample: 0.7546549 | colsample_bytree: 0.5920884 | gamma: 0.1455597 | reg_alpha: 2.466726 | reg_lambda: 1.402767	0.48784	60	1	XGBClassifier	Klek
n_estimators: 975 | max_depth: 4 | learning_rate: 0.09766978 | max_leaves: 12 | subsample: 0.7534734 | colsample_bytree: 0.5950972 | gamma: 0.121095 | reg_alpha: 2.407541 | reg_lambda: 1.399113	0.48455	61	1	XGBClassifier	Klek
n_estimators: 1000 | max_depth: 5 | learning_rate: 0.07704478 | max_leaves: 12 | subsample: 0.7470312 | colsample_bytree: 0.5685892 | gamma: 0.02402748 | reg_alpha: 1.627356 | reg_lambda: 1.661065	0.48256	62	1	XGBClassifier	Klek
n_estimators: 950 | max_depth: 4 | learning_rate: 0.09889863 | max_leaves: 12 | subsample: 0.7681808 | colsample_bytree: 0.532966 | gamma: 0.5877184 | reg_alpha: 3.225151 | reg_lambda: 0.8327717	0.4736	63	1	XGBClassifier	Klek
n_estimators: 175 | max_depth: 9 | learning_rate: 0.02095771 | max_leaves: 9 | subsample: 0.9080983 | colsample_bytree: 0.9427538 | gamma: 0.9000695 | reg_alpha: 1.480696 | reg_lambda: 0.613063	0.25713	0	2	XGBClassifier	Klek
n_estimators: 675 | max_depth: 10 | learning_rate: 0.01499594 | max_leaves: 4 | subsample: 0.6549739 | colsample_bytree: 0.9831934 | gamma: 3.695914 | reg_alpha: 0.7106508 | reg_lambda: 0.3307722	0.28412	1	2	XGBClassifier	Klek
n_estimators: 200 | max_depth: 5 | learning_rate: 0.05376565 | max_leaves: 3 | subsample: 0.9264187 | colsample_bytree: 0.7261602 | gamma: 4.029624 | reg_alpha: 1.241723 | reg_lambda: 1.31355	0.24298	2	2	XGBClassifier	Klek
n_estimators: 775 | max_depth: 6 | learning_rate: 0.008249122 | max_leaves: 3 | subsample: 0.9307308 | colsample_bytree: 0.5891636 | gamma: 3.845131 | reg_alpha: 0.4182046 | reg_lambda: 1.531697	0.1582	3	2	XGBClassifier	Klek
n_estimators: 350 | max_depth: 4 | learning_rate: 0.02014199 | max_leaves: 4 | subsample: 0.7349051 | colsample_bytree: 0.5628728 | gamma: 3.648991 | reg_alpha: 4.395512 | reg_lambda: 1.983315	0.21613	4	2	XGBClassifier	Klek
n_estimators: 225 | max_depth: 2 | learning_rate: 0.03477693 | max_leaves: 4 | subsample: 0.5486919 | colsample_bytree: 0.5607265 | gamma: 4.086582 | reg_alpha: 2.190745 | reg_lambda: 1.823734	0.2181	5	2	XGBClassifier	Klek
n_estimators: 950 | max_depth: 8 | learning_rate: 0.03184382 | max_leaves: 8 | subsample: 0.5498288 | colsample_bytree: 0.6277825 | gamma: 2.449838 | reg_alpha: 2.255973 | reg_lambda: 1.439174	0.38007	6	2	XGBClassifier	Klek
n_estimators: 800 | max_depth: 6 | learning_rate: 0.01577786 | max_leaves: 12 | subsample: 0.6757131 | colsample_bytree: 0.5591733 | gamma: 1.788576 | reg_alpha: 1.17321 | reg_lambda: 2.644041	0.39338	7	2	XGBClassifier	Klek
n_estimators: 150 | max_depth: 12 | learning_rate: 0.01034326 | max_leaves: 9 | subsample: 0.9994124 | colsample_bytree: 0.6272454 | gamma: 4.377003 | reg_alpha: 4.543052 | reg_lambda: 2.634023	0.13023	8	2	XGBClassifier	Klek
n_estimators: 500 | max_depth: 8 | learning_rate: 0.006019079 | max_leaves: 3 | subsample: 0.7061148 | colsample_bytree: 0.5076436 | gamma: 3.041334 | reg_alpha: 3.187389 | reg_lambda: 2.778351	0.06441	9	2	XGBClassifier	Klek
n_estimators: 975 | max_depth: 2 | learning_rate: 0.0809454 | max_leaves: 12 | subsample: 0.8029799 | colsample_bytree: 0.8276957 | gamma: 1.246403 | reg_alpha: 3.371993 | reg_lambda: 4.300119	0.40121	10	2	XGBClassifier	Klek
n_estimators: 1000 | max_depth: 2 | learning_rate: 0.09586307 | max_leaves: 12 | subsample: 0.7905609 | colsample_bytree: 0.8424258 | gamma: 1.30046 | reg_alpha: 3.679787 | reg_lambda: 4.452786	0.40407	11	2	XGBClassifier	Klek
n_estimators: 950 | max_depth: 2 | learning_rate: 0.07767785 | max_leaves: 12 | subsample: 0.8175541 | colsample_bytree: 0.8679406 | gamma: 0.2957049 | reg_alpha: 3.484103 | reg_lambda: 4.591395	0.40835	12	2	XGBClassifier	Klek
n_estimators: 875 | max_depth: 3 | learning_rate: 0.09444979 | max_leaves: 11 | subsample: 0.8232079 | colsample_bytree: 0.850311 | gamma: 0.128463 | reg_alpha: 3.639645 | reg_lambda: 4.896884	0.44121	13	2	XGBClassifier	Klek
n_estimators: 800 | max_depth: 4 | learning_rate: 0.05768567 | max_leaves: 7 | subsample: 0.8370972 | colsample_bytree: 0.8634262 | gamma: 0.183371 | reg_alpha: 3.917221 | reg_lambda: 3.62351	0.42676	14	2	XGBClassifier	Klek
n_estimators: 600 | max_depth: 4 | learning_rate: 0.05090889 | max_leaves: 7 | subsample: 0.8566984 | colsample_bytree: 0.7609575 | gamma: 0.1920216 | reg_alpha: 4.890663 | reg_lambda: 3.814189	0.41494	15	2	XGBClassifier	Klek
n_estimators: 825 | max_depth: 4 | learning_rate: 0.05179382 | max_leaves: 1 | subsample: 0.8688483 | colsample_bytree: 0.9106785 | gamma: 0.03869157 | reg_alpha: 3.964836 | reg_lambda: 3.374454	0.0	16	2	XGBClassifier	Klek
n_estimators: 475 | max_depth: 4 | learning_rate: 0.03412813 | max_leaves: 10 | subsample: 0.7700556 | colsample_bytree: 0.766891 | gamma: 0.780462 | reg_alpha: 2.992565 | reg_lambda: 4.937362	0.39591	17	2	XGBClassifier	Klek
n_estimators: 675 | max_depth: 6 | learning_rate: 0.06236003 | max_leaves: 6 | subsample: 0.6090597 | colsample_bytree: 0.8092851 | gamma: 1.989542 | reg_alpha: 2.731054 | reg_lambda: 3.53853	0.39228	18	2	XGBClassifier	Klek
n_estimators: 825 | max_depth: 3 | learning_rate: 0.09770705 | max_leaves: 6 | subsample: 0.8486256 | colsample_bytree: 0.7037259 | gamma: 0.7002297 | reg_alpha: 3.809784 | reg_lambda: 3.900188	0.41523	19	2	XGBClassifier	Klek
n_estimators: 700 | max_depth: 5 | learning_rate: 0.04149172 | max_leaves: 10 | subsample: 0.9873741 | colsample_bytree: 0.8970951 | gamma: 4.959883 | reg_alpha: 4.328523 | reg_lambda: 4.974197	0.29879	20	2	XGBClassifier	Klek
n_estimators: 850 | max_depth: 3 | learning_rate: 0.09980325 | max_leaves: 6 | subsample: 0.8492599 | colsample_bytree: 0.7146707 | gamma: 0.6183286 | reg_alpha: 3.940019 | reg_lambda: 4.001543	0.41818	21	2	XGBClassifier	Klek
n_estimators: 875 | max_depth: 3 | learning_rate: 0.07221881 | max_leaves: 7 | subsample: 0.8945291 | colsample_bytree: 0.691054 | gamma: 0.5685204 | reg_alpha: 4.984511 | reg_lambda: 3.153881	0.41898	22	2	XGBClassifier	Klek
n_estimators: 875 | max_depth: 3 | learning_rate: 0.06874153 | max_leaves: 8 | subsample: 0.8883919 | colsample_bytree: 0.7930318 | gamma: 1.429125 | reg_alpha: 4.963454 | reg_lambda: 3.124188	0.39384	23	2	XGBClassifier	Klek
n_estimators: 725 | max_depth: 5 | learning_rate: 0.06249448 | max_leaves: 0 | subsample: 0.9554941 | colsample_bytree: 0.6596648 | gamma: 0.01150601 | reg_alpha: 4.301061 | reg_lambda: 3.188644	0.45198	24	2	XGBClassifier	Klek
n_estimators: 600 | max_depth: 5 | learning_rate: 0.04099148 | max_leaves: 0 | subsample: 0.962492 | colsample_bytree: 0.6738943 | gamma: 0.005385796 | reg_alpha: 4.183231 | reg_lambda: 4.153877	0.44705	25	2	XGBClassifier	Klek
n_estimators: 400 | max_depth: 7 | learning_rate: 0.04193754 | max_leaves: 0 | subsample: 0.9595806 | colsample_bytree: 0.6521976 | gamma: 0.007943889 | reg_alpha: 4.350955 | reg_lambda: 4.331547	0.45407	26	2	XGBClassifier	Klek
n_estimators: 375 | max_depth: 7 | learning_rate: 0.02779701 | max_leaves: 0 | subsample: 0.9614543 | colsample_bytree: 0.6760068 | gamma: 0.9610583 | reg_alpha: 4.295029 | reg_lambda: 4.202447	0.4154	27	2	XGBClassifier	Klek
n_estimators: 600 | max_depth: 7 | learning_rate: 0.04077397 | max_leaves: 0 | subsample: 0.9274777 | colsample_bytree: 0.6527117 | gamma: 2.911804 | reg_alpha: 4.671604 | reg_lambda: 3.063514	0.36956	28	2	XGBClassifier	Klek
n_estimators: 425 | max_depth: 10 | learning_rate: 0.02521328 | max_leaves: 1 | subsample: 0.9505613 | colsample_bytree: 0.6119308 | gamma: 1.03788 | reg_alpha: 2.589408 | reg_lambda: 4.62323	0.0	29	2	XGBClassifier	Klek
n_estimators: 300 | max_depth: 7 | learning_rate: 0.0437645 | max_leaves: 1 | subsample: 0.9641585 | colsample_bytree: 0.6631985 | gamma: 0.4748508 | reg_alpha: 4.173002 | reg_lambda: 2.320562	0.0	30	2	XGBClassifier	Klek
n_estimators: 575 | max_depth: 5 | learning_rate: 0.06420668 | max_leaves: 2 | subsample: 0.9030281 | colsample_bytree: 0.7480015 | gamma: 0.02079809 | reg_alpha: 3.638288 | reg_lambda: 4.699369	0.27901	31	2	XGBClassifier	Klek
n_estimators: 725 | max_depth: 8 | learning_rate: 0.08209865 | max_leaves: 0 | subsample: 0.9866174 | colsample_bytree: 0.9730473 | gamma: 0.4016416 | reg_alpha: 4.624782 | reg_lambda: 4.127255	0.45155	32	2	XGBClassifier	Klek
n_estimators: 650 | max_depth: 9 | learning_rate: 0.04473428 | max_leaves: 0 | subsample: 0.978943 | colsample_bytree: 0.7271122 | gamma: 0.3995591 | reg_alpha: 4.619664 | reg_lambda: 3.843547	0.44964	33	2	XGBClassifier	Klek
n_estimators: 700 | max_depth: 9 | learning_rate: 0.02085208 | max_leaves: 2 | subsample: 0.9934685 | colsample_bytree: 0.7359103 | gamma: 0.4197176 | reg_alpha: 4.659009 | reg_lambda: 3.678078	0.14579	34	2	XGBClassifier	Klek
n_estimators: 725 | max_depth: 10 | learning_rate: 0.04837454 | max_leaves: 2 | subsample: 0.9238072 | colsample_bytree: 0.9873534 | gamma: 1.507739 | reg_alpha: 4.699068 | reg_lambda: 0.8629673	0.27678	35	2	XGBClassifier	Klek
n_estimators: 650 | max_depth: 8 | learning_rate: 0.08140779 | max_leaves: 0 | subsample: 0.9433611 | colsample_bytree: 0.9548238 | gamma: 1.049589 | reg_alpha: 1.852009 | reg_lambda: 3.451274	0.44288	36	2	XGBClassifier	Klek
n_estimators: 525 | max_depth: 9 | learning_rate: 0.05615238 | max_leaves: 1 | subsample: 0.9804313 | colsample_bytree: 0.5871914 | gamma: 0.4140337 | reg_alpha: 4.128344 | reg_lambda: 4.085969	0.0	37	2	XGBClassifier	Klek
n_estimators: 750 | max_depth: 10 | learning_rate: 0.01687668 | max_leaves: 2 | subsample: 0.9109128 | colsample_bytree: 0.7812581 | gamma: 1.891607 | reg_alpha: 4.473542 | reg_lambda: 2.336021	0.14592	38	2	XGBClassifier	Klek
n_estimators: 275 | max_depth: 11 | learning_rate: 0.03209084 | max_leaves: 4 | subsample: 0.8858518 | colsample_bytree: 0.6387022 | gamma: 2.266643 | reg_alpha: 0.1325688 | reg_lambda: 3.280804	0.24702	39	2	XGBClassifier	Klek
n_estimators: 425 | max_depth: 8 | learning_rate: 0.0105465 | max_leaves: 3 | subsample: 0.9352936 | colsample_bytree: 0.5168313 | gamma: 0.8220483 | reg_alpha: 2.97508 | reg_lambda: 2.914686	0.11248	40	2	XGBClassifier	Klek
n_estimators: 100 | max_depth: 6 | learning_rate: 0.04343276 | max_leaves: 0 | subsample: 0.9633097 | colsample_bytree: 0.6751594 | gamma: 0.02965792 | reg_alpha: 4.109932 | reg_lambda: 4.17395	0.36208	41	2	XGBClassifier	Klek
n_estimators: 625 | max_depth: 9 | learning_rate: 0.03841283 | max_leaves: 0 | subsample: 0.9986788 | colsample_bytree: 0.6057256 | gamma: 0.3616695 | reg_alpha: 4.455062 | reg_lambda: 4.349418	0.44757	42	2	XGBClassifier	Klek
n_estimators: 650 | max_depth: 9 | learning_rate: 0.02692372 | max_leaves: 1 | subsample: 0.9990006 | colsample_bytree: 0.5999694 | gamma: 0.3887638 | reg_alpha: 4.521998 | reg_lambda: 4.348924	0.0	43	2	XGBClassifier	Klek
n_estimators: 750 | max_depth: 11 | learning_rate: 0.03620835 | max_leaves: 0 | subsample: 0.9792966 | colsample_bytree: 0.5445866 | gamma: 0.6599182 | reg_alpha: 4.78287 | reg_lambda: 3.808789	0.43126	44	2	XGBClassifier	Klek
n_estimators: 550 | max_depth: 7 | learning_rate: 0.05715741 | max_leaves: 1 | subsample: 0.9195765 | colsample_bytree: 0.5798435 | gamma: 1.191682 | reg_alpha: 1.018311 | reg_lambda: 4.493772	0.0	45	2	XGBClassifier	Klek
n_estimators: 475 | max_depth: 8 | learning_rate: 0.04827909 | max_leaves: 0 | subsample: 0.5260978 | colsample_bytree: 0.6239849 | gamma: 0.3169392 | reg_alpha: 4.44099 | reg_lambda: 3.940846	0.45693	46	2	XGBClassifier	Klek
n_estimators: 475 | max_depth: 8 | learning_rate: 0.07688151 | max_leaves: 5 | subsample: 0.5223291 | colsample_bytree: 0.6397859 | gamma: 3.378909 | reg_alpha: 3.397361 | reg_lambda: 3.628278	0.36016	47	2	XGBClassifier	Klek
n_estimators: 400 | max_depth: 7 | learning_rate: 0.04899936 | max_leaves: 3 | subsample: 0.6642633 | colsample_bytree: 0.7048766 | gamma: 0.8755083 | reg_alpha: 1.78589 | reg_lambda: 2.809917	0.31142	48	2	XGBClassifier	Klek
n_estimators: 300 | max_depth: 8 | learning_rate: 0.06610849 | max_leaves: 2 | subsample: 0.6063089 | colsample_bytree: 0.6275588 | gamma: 0.2941037 | reg_alpha: 4.771973 | reg_lambda: 3.346584	0.2164	49	2	XGBClassifier	Klek
n_estimators: 500 | max_depth: 9 | learning_rate: 0.08397861 | max_leaves: 1 | subsample: 0.718965 | colsample_bytree: 0.7365348 | gamma: 1.544456 | reg_alpha: 3.788708 | reg_lambda: 3.945911	0.0	50	2	XGBClassifier	Klek
n_estimators: 650 | max_depth: 9 | learning_rate: 0.03643098 | max_leaves: 0 | subsample: 0.9461986 | colsample_bytree: 0.6131837 | gamma: 0.2749387 | reg_alpha: 4.537799 | reg_lambda: 4.74398	0.4616	51	2	XGBClassifier	Klek
n_estimators: 650 | max_depth: 10 | learning_rate: 0.02994567 | max_leaves: 0 | subsample: 0.5721121 | colsample_bytree: 0.5514462 | gamma: 0.2279522 | reg_alpha: 4.318904 | reg_lambda: 4.732609	0.46286	52	2	XGBClassifier	Klek
n_estimators: 550 | max_depth: 11 | learning_rate: 0.02988881 | max_leaves: 1 | subsample: 0.6001497 | colsample_bytree: 0.5392474 | gamma: 0.2081721 | reg_alpha: 4.358875 | reg_lambda: 4.82548	0.0	53	2	XGBClassifier	Klek
n_estimators: 775 | max_depth: 10 | learning_rate: 0.03448115 | max_leaves: 0 | subsample: 0.5134078 | colsample_bytree: 0.559398 | gamma: 0.1902527 | reg_alpha: 4.01797 | reg_lambda: 4.7644	0.47047	54	2	XGBClassifier	Klek
n_estimators: 775 | max_depth: 12 | learning_rate: 0.02280537 | max_leaves: 1 | subsample: 0.5033605 | colsample_bytree: 0.5711213 | gamma: 0.6253474 | reg_alpha: 3.985311 | reg_lambda: 4.801094	0.0	55	2	XGBClassifier	Klek
n_estimators: 925 | max_depth: 10 | learning_rate: 0.03455255 | max_leaves: 2 | subsample: 0.574612 | colsample_bytree: 0.5232852 | gamma: 0.2152522 | reg_alpha: 3.506439 | reg_lambda: 4.532366	0.27072	56	2	XGBClassifier	Klek
n_estimators: 675 | max_depth: 11 | learning_rate: 0.02316311 | max_leaves: 0 | subsample: 0.5438489 | colsample_bytree: 0.5614288 | gamma: 0.1978528 | reg_alpha: 4.241295 | reg_lambda: 4.755002	0.46183	57	2	XGBClassifier	Klek
n_estimators: 450 | max_depth: 11 | learning_rate: 0.02484709 | max_leaves: 1 | subsample: 0.5446973 | colsample_bytree: 0.5428621 | gamma: 0.836492 | reg_alpha: 3.830542 | reg_lambda: 0.09855274	0.0	58	2	XGBClassifier	Klek
n_estimators: 675 | max_depth: 12 | learning_rate: 0.03087441 | max_leaves: 0 | subsample: 0.6298807 | colsample_bytree: 0.5022939 | gamma: 0.5663947 | reg_alpha: 3.119813 | reg_lambda: 4.970003	0.45614	59	2	XGBClassifier	Klek
n_estimators: 675 | max_depth: 12 | learning_rate: 0.01881009 | max_leaves: 4 | subsample: 0.6397011 | colsample_bytree: 0.5013233 | gamma: 0.5553042 | reg_alpha: 3.128609 | reg_lambda: 4.998188	0.29016	60	2	XGBClassifier	Klek
n_estimators: 350 | max_depth: 11 | learning_rate: 0.02941842 | max_leaves: 0 | subsample: 0.5670462 | colsample_bytree: 0.5571502 | gamma: 0.1992914 | reg_alpha: 4.013866 | reg_lambda: 4.674821	0.45219	61	2	XGBClassifier	Klek
n_estimators: 625 | max_depth: 12 | learning_rate: 0.03213032 | max_leaves: 0 | subsample: 0.530284 | colsample_bytree: 0.5264996 | gamma: 0.7252317 | reg_alpha: 3.638618 | reg_lambda: 4.73704	0.45162	62	2	XGBClassifier	Klek
n_estimators: 575 | max_depth: 10 | learning_rate: 0.02377144 | max_leaves: 1 | subsample: 0.5042101 | colsample_bytree: 0.5628328 | gamma: 0.16679 | reg_alpha: 4.240012 | reg_lambda: 4.471855	0.0	63	2	XGBClassifier	Klek
n_estimators: 925 | max_depth: 6 | learning_rate: 0.04344248 | max_leaves: 7 | subsample: 0.8882903 | colsample_bytree: 0.8268048 | gamma: 3.506791 | reg_alpha: 0.3489688 | reg_lambda: 1.38136	0.41078	0	3	XGBClassifier	Klek
n_estimators: 650 | max_depth: 10 | learning_rate: 0.01748909 | max_leaves: 9 | subsample: 0.5216604 | colsample_bytree: 0.8606868 | gamma: 4.430947 | reg_alpha: 0.1911383 | reg_lambda: 1.583649	0.39115	1	3	XGBClassifier	Klek
n_estimators: 600 | max_depth: 9 | learning_rate: 0.01771348 | max_leaves: 10 | subsample: 0.8177782 | colsample_bytree: 0.6605428 | gamma: 2.349788 | reg_alpha: 1.690508 | reg_lambda: 2.971703	0.39891	2	3	XGBClassifier	Klek
n_estimators: 150 | max_depth: 2 | learning_rate: 0.02949236 | max_leaves: 12 | subsample: 0.9925786 | colsample_bytree: 0.5643287 | gamma: 0.1607895 | reg_alpha: 3.268499 | reg_lambda: 0.01435641	0.15829	3	3	XGBClassifier	Klek
n_estimators: 700 | max_depth: 9 | learning_rate: 0.09965627 | max_leaves: 3 | subsample: 0.5306285 | colsample_bytree: 0.503268 | gamma: 0.9631394 | reg_alpha: 0.07295154 | reg_lambda: 1.319556	0.44704	4	3	XGBClassifier	Klek
n_estimators: 350 | max_depth: 7 | learning_rate: 0.07173255 | max_leaves: 0 | subsample: 0.686212 | colsample_bytree: 0.652354 | gamma: 3.700442 | reg_alpha: 3.876919 | reg_lambda: 0.558344	0.37072	5	3	XGBClassifier	Klek
n_estimators: 900 | max_depth: 5 | learning_rate: 0.01207688 | max_leaves: 2 | subsample: 0.6210548 | colsample_bytree: 0.8090269 | gamma: 3.068457 | reg_alpha: 2.984774 | reg_lambda: 1.452879	0.14877	6	3	XGBClassifier	Klek
n_estimators: 800 | max_depth: 10 | learning_rate: 0.012848 | max_leaves: 7 | subsample: 0.8954078 | colsample_bytree: 0.7321086 | gamma: 0.5237227 | reg_alpha: 3.557688 | reg_lambda: 3.289545	0.37707	7	3	XGBClassifier	Klek
n_estimators: 400 | max_depth: 4 | learning_rate: 0.06323396 | max_leaves: 4 | subsample: 0.7744258 | colsample_bytree: 0.7869016 | gamma: 4.145376 | reg_alpha: 1.183258 | reg_lambda: 1.517684	0.37285	8	3	XGBClassifier	Klek
n_estimators: 750 | max_depth: 4 | learning_rate: 0.005814681 | max_leaves: 12 | subsample: 0.9393008 | colsample_bytree: 0.8901518 | gamma: 1.814235 | reg_alpha: 4.853166 | reg_lambda: 0.2053853	0.32471	9	3	XGBClassifier	Klek
n_estimators: 400 | max_depth: 12 | learning_rate: 0.08586256 | max_leaves: 4 | subsample: 0.5193679 | colsample_bytree: 0.5213075 | gamma: 1.271581 | reg_alpha: 1.964163 | reg_lambda: 4.557707	0.42034	10	3	XGBClassifier	Klek
n_estimators: 475 | max_depth: 12 | learning_rate: 0.09878793 | max_leaves: 4 | subsample: 0.503412 | colsample_bytree: 0.501394 | gamma: 1.293122 | reg_alpha: 1.957127 | reg_lambda: 4.900811	0.42743	11	3	XGBClassifier	Klek
n_estimators: 500 | max_depth: 12 | learning_rate: 0.04405003 | max_leaves: 4 | subsample: 0.5993397 | colsample_bytree: 0.9803086 | gamma: 1.16176 | reg_alpha: 0.9036215 | reg_lambda: 4.995243	0.38874	12	3	XGBClassifier	Klek
n_estimators: 200 | max_depth: 9 | learning_rate: 0.09685087 | max_leaves: 1 | subsample: 0.6015626 | colsample_bytree: 0.6081255 | gamma: 1.05413 | reg_alpha: 1.87718 | reg_lambda: 4.047502	0.0	13	3	XGBClassifier	Klek
n_estimators: 725 | max_depth: 11 | learning_rate: 0.05155204 | max_leaves: 3 | subsample: 0.5105073 | colsample_bytree: 0.5003113 | gamma: 2.081797 | reg_alpha: 2.581153 | reg_lambda: 2.389531	0.39741	14	3	XGBClassifier	Klek
n_estimators: 500 | max_depth: 8 | learning_rate: 0.03499401 | max_leaves: 6 | subsample: 0.6883074 | colsample_bytree: 0.5809669 | gamma: 1.621495 | reg_alpha: 0.9013177 | reg_lambda: 2.325707	0.39708	15	3	XGBClassifier	Klek
n_estimators: 275 | max_depth: 11 | learning_rate: 0.06645046 | max_leaves: 2 | subsample: 0.5784638 | colsample_bytree: 0.6882852 | gamma: 0.6866325 | reg_alpha: 0.1544744 | reg_lambda: 3.460909	0.23566	16	3	XGBClassifier	Klek
n_estimators: 525 | max_depth: 8 | learning_rate: 0.09979432 | max_leaves: 5 | subsample: 0.7035283 | colsample_bytree: 0.5489293 | gamma: 2.743465 | reg_alpha: 4.293141 | reg_lambda: 0.8979035	0.3839	17	3	XGBClassifier	Klek
n_estimators: 1000 | max_depth: 12 | learning_rate: 0.006395076 | max_leaves: 0 | subsample: 0.5622192 | colsample_bytree: 0.6250589 | gamma: 4.913311 | reg_alpha: 2.453067 | reg_lambda: 1.963302	0.34172	18	3	XGBClassifier	Klek
n_estimators: 650 | max_depth: 10 | learning_rate: 0.02818496 | max_leaves: 6 | subsample: 0.6446773 | colsample_bytree: 0.7201978 | gamma: 0.04846645 | reg_alpha: 1.474119 | reg_lambda: 3.929711	0.40712	19	3	XGBClassifier	Klek
n_estimators: 825 | max_depth: 7 | learning_rate: 0.05418443 | max_leaves: 2 | subsample: 0.5564081 | colsample_bytree: 0.5003166 | gamma: 1.605264 | reg_alpha: 0.7404319 | reg_lambda: 2.843778	0.3402	20	3	XGBClassifier	Klek
n_estimators: 425 | max_depth: 12 | learning_rate: 0.09212395 | max_leaves: 4 | subsample: 0.5031179 | colsample_bytree: 0.5388196 | gamma: 1.201613 | reg_alpha: 2.194856 | reg_lambda: 4.738678	0.40888	21	3	XGBClassifier	Klek
n_estimators: 300 | max_depth: 11 | learning_rate: 0.08037195 | max_leaves: 3 | subsample: 0.5391052 | colsample_bytree: 0.5017392 | gamma: 0.6996342 | reg_alpha: 2.08031 | reg_lambda: 4.447862	0.36404	22	3	XGBClassifier	Klek
n_estimators: 450 | max_depth: 12 | learning_rate: 0.06715312 | max_leaves: 5 | subsample: 0.6409057 | colsample_bytree: 0.5958347 | gamma: 1.264771 | reg_alpha: 2.78733 | reg_lambda: 4.235932	0.42526	23	3	XGBClassifier	Klek
n_estimators: 600 | max_depth: 9 | learning_rate: 0.06176013 | max_leaves: 6 | subsample: 0.6474345 | colsample_bytree: 0.5976848 | gamma: 2.086485 | reg_alpha: 2.878212 | reg_lambda: 4.000479	0.41244	24	3	XGBClassifier	Klek
n_estimators: 475 | max_depth: 11 | learning_rate: 0.07531257 | max_leaves: 5 | subsample: 0.7200645 | colsample_bytree: 0.5604229 | gamma: 0.5075115 | reg_alpha: 1.47121 | reg_lambda: 3.682729	0.4277	25	3	XGBClassifier	Klek
n_estimators: 575 | max_depth: 10 | learning_rate: 0.04140007 | max_leaves: 8 | subsample: 0.7885485 | colsample_bytree: 0.5486427 | gamma: 0.3605197 | reg_alpha: 1.42145 | reg_lambda: 3.663508	0.4371	26	3	XGBClassifier	Klek
n_estimators: 675 | max_depth: 8 | learning_rate: 0.03992945 | max_leaves: 8 | subsample: 0.7918765 | colsample_bytree: 0.5524032 | gamma: 0.4150754 | reg_alpha: 1.228475 | reg_lambda: 3.639635	0.4382	27	3	XGBClassifier	Klek
n_estimators: 700 | max_depth: 8 | learning_rate: 0.02318747 | max_leaves: 9 | subsample: 0.8077823 | colsample_bytree: 0.6370583 | gamma: 0.2591016 | reg_alpha: 0.6283671 | reg_lambda: 2.892903	0.43554	28	3	XGBClassifier	Klek
n_estimators: 850 | max_depth: 6 | learning_rate: 0.03541152 | max_leaves: 8 | subsample: 0.8462219 | colsample_bytree: 0.6982329 | gamma: 0.8823798 | reg_alpha: 0.4041516 | reg_lambda: 1.041609	0.46074	29	3	XGBClassifier	Klek
n_estimators: 900 | max_depth: 6 | learning_rate: 0.04288923 | max_leaves: 10 | subsample: 0.8384699 | colsample_bytree: 0.6967173 | gamma: 0.8298189 | reg_alpha: 0.3980104 | reg_lambda: 1.005591	0.48432	30	3	XGBClassifier	Klek
n_estimators: 925 | max_depth: 6 | learning_rate: 0.03980611 | max_leaves: 10 | subsample: 0.8616104 | colsample_bytree: 0.7661254 | gamma: 0.8037491 | reg_alpha: 0.4918659 | reg_lambda: 0.9858449	0.47763	31	3	XGBClassifier	Klek
n_estimators: 925 | max_depth: 6 | learning_rate: 0.0322912 | max_leaves: 11 | subsample: 0.8567508 | colsample_bytree: 0.7839394 | gamma: 0.8578284 | reg_alpha: 0.03210513 | reg_lambda: 1.024536	0.48565	32	3	XGBClassifier	Klek
n_estimators: 1000 | max_depth: 6 | learning_rate: 0.0280515 | max_leaves: 11 | subsample: 0.8491196 | colsample_bytree: 0.694316 | gamma: 0.8955138 | reg_alpha: 0.5422263 | reg_lambda: 0.9543023	0.48154	33	3	XGBClassifier	Klek
n_estimators: 1000 | max_depth: 6 | learning_rate: 0.02295264 | max_leaves: 11 | subsample: 0.8610466 | colsample_bytree: 0.7712121 | gamma: 1.605562 | reg_alpha: 0.3965618 | reg_lambda: 1.861359	0.46691	34	3	XGBClassifier	Klek
n_estimators: 925 | max_depth: 5 | learning_rate: 0.02849067 | max_leaves: 10 | subsample: 0.9087149 | colsample_bytree: 0.8770555 | gamma: 0.7930636 | reg_alpha: 0.506522 | reg_lambda: 0.609511	0.47271	35	3	XGBClassifier	Klek
n_estimators: 925 | max_depth: 5 | learning_rate: 0.01790489 | max_leaves: 11 | subsample: 0.8409557 | colsample_bytree: 0.8375003 | gamma: 2.457181 | reg_alpha: 0.002298342 | reg_lambda: 1.089729	0.44486	36	3	XGBClassifier	Klek
n_estimators: 875 | max_depth: 6 | learning_rate: 0.0327011 | max_leaves: 11 | subsample: 0.9596274 | colsample_bytree: 0.7647923 | gamma: 0.007561899 | reg_alpha: 1.016032 | reg_lambda: 0.5878666	0.48105	37	3	XGBClassifier	Klek
n_estimators: 875 | max_depth: 4 | learning_rate: 0.01463751 | max_leaves: 12 | subsample: 0.9821001 | colsample_bytree: 0.7284008 | gamma: 0.02051968 | reg_alpha: 0.9824989 | reg_lambda: 0.4807156	0.40413	38	3	XGBClassifier	Klek
n_estimators: 775 | max_depth: 7 | learning_rate: 0.01997126 | max_leaves: 11 | subsample: 0.9325108 | colsample_bytree: 0.6838288 | gamma: 3.149058 | reg_alpha: 0.3086695 | reg_lambda: 0.1081007	0.43088	39	3	XGBClassifier	Klek
n_estimators: 975 | max_depth: 2 | learning_rate: 0.02593469 | max_leaves: 10 | subsample: 0.9691551 | colsample_bytree: 0.8040313 | gamma: 0.1763501 | reg_alpha: 0.00843896 | reg_lambda: 1.85412	0.33574	40	3	XGBClassifier	Klek
n_estimators: 950 | max_depth: 6 | learning_rate: 0.03369274 | max_leaves: 10 | subsample: 0.87386 | colsample_bytree: 0.7575647 | gamma: 0.6414301 | reg_alpha: 0.564551 | reg_lambda: 0.7098693	0.47706	41	3	XGBClassifier	Klek
n_estimators: 875 | max_depth: 6 | learning_rate: 0.04952841 | max_leaves: 9 | subsample: 0.8259998 | colsample_bytree: 0.8387584 | gamma: 0.3764292 | reg_alpha: 0.7059484 | reg_lambda: 1.299868	0.48271	42	3	XGBClassifier	Klek
n_estimators: 875 | max_depth: 5 | learning_rate: 0.04904525 | max_leaves: 9 | subsample: 0.7461878 | colsample_bytree: 0.8630761 | gamma: 0.3458381 | reg_alpha: 1.153852 | reg_lambda: 1.259953	0.47277	43	3	XGBClassifier	Klek
n_estimators: 800 | max_depth: 7 | learning_rate: 0.03475537 | max_leaves: 11 | subsample: 0.8295966 | colsample_bytree: 0.8339527 | gamma: 0.9789538 | reg_alpha: 0.7103103 | reg_lambda: 0.2866406	0.4775	44	3	XGBClassifier	Klek
n_estimators: 850 | max_depth: 5 | learning_rate: 0.03126545 | max_leaves: 12 | subsample: 0.91662 | colsample_bytree: 0.9378527 | gamma: 0.5352346 | reg_alpha: 0.2299946 | reg_lambda: 1.66087	0.47502	45	3	XGBClassifier	Klek
n_estimators: 950 | max_depth: 7 | learning_rate: 0.04851805 | max_leaves: 11 | subsample: 0.8854635 | colsample_bytree: 0.908473 | gamma: 1.444382 | reg_alpha: 0.8720624 | reg_lambda: 0.7850915	0.468	46	3	XGBClassifier	Klek
n_estimators: 900 | max_depth: 4 | learning_rate: 0.02636084 | max_leaves: 9 | subsample: 0.9540813 | colsample_bytree: 0.8000047 | gamma: 3.789753 | reg_alpha: 1.619468 | reg_lambda: 0.3932964	0.38498	47	3	XGBClassifier	Klek
n_estimators: 750 | max_depth: 3 | learning_rate: 0.04339808 | max_leaves: 12 | subsample: 0.7580433 | colsample_bytree: 0.6623824 | gamma: 2.031845 | reg_alpha: 0.2523153 | reg_lambda: 1.24886	0.44124	48	3	XGBClassifier	Klek
n_estimators: 1000 | max_depth: 6 | learning_rate: 0.05466413 | max_leaves: 10 | subsample: 0.8116049 | colsample_bytree: 0.7448408 | gamma: 0.2637102 | reg_alpha: 1.148407 | reg_lambda: 2.134307	0.48456	49	3	XGBClassifier	Klek
n_estimators: 975 | max_depth: 7 | learning_rate: 0.05334922 | max_leaves: 7 | subsample: 0.8120559 | colsample_bytree: 0.7401518 | gamma: 0.9257403 | reg_alpha: 3.24524 | reg_lambda: 1.594256	0.44563	50	3	XGBClassifier	Klek
n_estimators: 1000 | max_depth: 6 | learning_rate: 0.058172 | max_leaves: 11 | subsample: 0.9988171 | colsample_bytree: 0.7142952 | gamma: 0.2126294 | reg_alpha: 1.009028 | reg_lambda: 1.397523	0.49438	51	3	XGBClassifier	Klek
n_estimators: 1000 | max_depth: 6 | learning_rate: 0.06217252 | max_leaves: 10 | subsample: 0.9991798 | colsample_bytree: 0.7101852 | gamma: 0.2874566 | reg_alpha: 1.253375 | reg_lambda: 2.07696	0.4883	52	3	XGBClassifier	Klek
n_estimators: 950 | max_depth: 5 | learning_rate: 0.06066038 | max_leaves: 9 | subsample: 0.9968087 | colsample_bytree: 0.7215837 | gamma: 0.21641 | reg_alpha: 1.299816 | reg_lambda: 2.273691	0.48471	53	3	XGBClassifier	Klek
n_estimators: 950 | max_depth: 5 | learning_rate: 0.05928593 | max_leaves: 10 | subsample: 0.9891933 | colsample_bytree: 0.7204068 | gamma: 0.1912528 | reg_alpha: 1.751016 | reg_lambda: 2.235516	0.48292	54	3	XGBClassifier	Klek
n_estimators: 1000 | max_depth: 5 | learning_rate: 0.05895285 | max_leaves: 10 | subsample: 0.9989751 | colsample_bytree: 0.6688059 | gamma: 0.5341629 | reg_alpha: 1.154323 | reg_lambda: 2.690604	0.4735	55	3	XGBClassifier	Klek
n_estimators: 825 | max_depth: 3 | learning_rate: 0.07202784 | max_leaves: 9 | subsample: 0.9363044 | colsample_bytree: 0.7076944 | gamma: 0.2408464 | reg_alpha: 1.348712 | reg_lambda: 2.073378	0.46362	56	3	XGBClassifier	Klek
n_estimators: 975 | max_depth: 4 | learning_rate: 0.07882234 | max_leaves: 8 | subsample: 0.9788861 | colsample_bytree: 0.787651 | gamma: 0.6322727 | reg_alpha: 1.697903 | reg_lambda: 2.56299	0.46659	57	3	XGBClassifier	Klek
n_estimators: 125 | max_depth: 7 | learning_rate: 0.00859919 | max_leaves: 12 | subsample: 0.8936338 | colsample_bytree: 0.7449128 | gamma: 1.072146 | reg_alpha: 0.8339086 | reg_lambda: 2.129374	0.09322	58	3	XGBClassifier	Klek
n_estimators: 900 | max_depth: 6 | learning_rate: 0.068066 | max_leaves: 10 | subsample: 0.94728 | colsample_bytree: 0.6469023 | gamma: 0.1900317 | reg_alpha: 1.080881 | reg_lambda: 3.17051	0.4867	59	3	XGBClassifier	Klek
n_estimators: 950 | max_depth: 5 | learning_rate: 0.08735295 | max_leaves: 9 | subsample: 0.9497111 | colsample_bytree: 0.6416437 | gamma: 0.003967977 | reg_alpha: 1.302685 | reg_lambda: 3.309483	0.49387	60	3	XGBClassifier	Klek
n_estimators: 950 | max_depth: 5 | learning_rate: 0.08460091 | max_leaves: 9 | subsample: 0.9527933 | colsample_bytree: 0.6423776 | gamma: 0.1415464 | reg_alpha: 2.229784 | reg_lambda: 3.180392	0.47982	61	3	XGBClassifier	Klek
n_estimators: 925 | max_depth: 6 | learning_rate: 0.08887346 | max_leaves: 10 | subsample: 0.9994259 | colsample_bytree: 0.6822779 | gamma: 0.01784786 | reg_alpha: 1.595179 | reg_lambda: 3.235345	0.49192	62	3	XGBClassifier	Klek
n_estimators: 925 | max_depth: 4 | learning_rate: 0.06895337 | max_leaves: 8 | subsample: 0.99651 | colsample_bytree: 0.6190605 | gamma: 0.04037384 | reg_alpha: 1.833568 | reg_lambda: 3.109043	0.4828	63	3	XGBClassifier	Klek
